global_step,mean_reward,mean_kl,kl_coef,elapsed_sec,loss,pg_loss,vf_loss,kl
8,-2.4808349609375,0.0006943345069885254,0.03333333333333333,24.119274854660034,0.06555106397718191,-0.0003558434545993805,0.659637451171875,0.0006943345069885254
16,-2.652616500854492,0.016022395342588425,0.022222222222222223,21.0928852558136,0.09595168079249561,0.0007558930665254593,0.9466705322265625,0.016022395342588425
24,-1.4490966796875,0.06350385770201683,0.014814814814814815,21.072256088256836,0.046226801350712776,-0.02448408678174019,0.693328857421875,0.06350385770201683
32,-3.5931396484375,0.1768670752644539,0.01,21.162843704223633,0.02144374922499992,-0.05850805714726448,0.7730712890625,0.1768670752644539
40,-2.912841796875,0.25669631361961365,0.01,21.155226707458496,0.07914993073791265,-0.013276049867272377,0.8978271484375,0.25669631361961365
48,-4.123291015625,0.012261778116226196,0.01,20.833956718444824,0.06342144683003426,-0.006677975878119469,0.69873046875,0.012261778116226196
56,-1.70977783203125,0.7996941469609737,0.01,21.04136037826538,0.023218796122819185,-0.0706851314753294,0.859130859375,0.7996941469609737
64,-1.68585205078125,0.7780008539557457,0.01,20.426522731781006,0.047393061220645905,-0.026121802628040314,0.656494140625,0.7780008539557457
72,-4.771484375,-0.00838293693959713,0.01,21.07302451133728,0.08936071395874023,-0.004875749349594116,0.942230224609375,-0.00838293693959713
80,-0.6220703125,2.344655007123947,0.01,21.08483386039734,0.05199626134708524,-0.050872283056378365,0.794189453125,2.344655007123947
88,-4.6943359375,-0.012834809720516205,0.01,20.85056185722351,0.09065971802920103,-0.006158649921417236,0.9698486328125,-0.012834809720516205
96,-3.205078125,-0.0056794434785842896,0.01,21.174158334732056,0.08778045419603586,-0.0032577228266745806,0.9105224609375,-0.0056794434785842896
104,-2.258056640625,2.034191645681858,0.01,21.02813148498535,0.09200530871748924,-0.02651166170835495,0.98095703125,2.034191645681858
112,-2.7606201171875,-0.011939387768507004,0.01,21.025933742523193,0.09263758640736341,-0.005997911095619202,0.986083984375,-0.011939387768507004
120,-3.2738037109375,1.9560351595282555,0.01,20.279972314834595,0.07684394251555204,-0.019758034497499466,0.770751953125,1.9560351595282555
128,-1.7158203125,0.58177375420928,0.01,21.0968017578125,0.08524992875754833,-0.012730902060866356,0.92236328125,0.58177375420928
136,-0.42529296875,1.2150601372122765,0.01,20.853637218475342,0.06729557737708092,-0.01329069584608078,0.68359375,1.2150601372122765
144,-2.7197265625,1.6649875342845917,0.01,20.688591480255127,0.056391683872789145,-0.021312414668500423,0.611053466796875,1.6649875342845917
152,-1.89306640625,4.962323099374771,0.015,21.42973279953003,0.08911995496600866,-0.05056064575910568,0.9013671875,4.962323099374771
160,-2.67626953125,2.021320089697838,0.015,20.833350896835327,0.11019307002425194,-0.01768379658460617,0.975738525390625,2.021320089697838
168,-2.87109375,1.6244107820093632,0.015,20.6997709274292,0.06545053701847792,-0.03345481678843498,0.744354248046875,1.6244107820093632
176,-3.132080078125,-0.027537230402231216,0.01,21.071435689926147,0.067094168625772,-0.006589460652321577,0.74005126953125,-0.027537230402231216
184,-4.49267578125,4.475189462304115,0.015,21.129419803619385,0.0852807741612196,-0.04498518817126751,0.855255126953125,4.475189462304115
192,-1.2869873046875,5.3028886914253235,0.0225,20.17963409423828,0.15213356725871563,-0.016727088950574398,0.893310546875,5.3028886914253235
200,-1.5263671875,1.9854275807738304,0.0225,21.112770080566406,0.10130791738629341,-0.013768255710601807,0.7041015625,1.9854275807738304
208,0.243408203125,4.318799242377281,0.03375,18.325666427612305,0.17273784428834915,-0.010357389226555824,0.8585205078125,4.318799242377281
216,-0.27874755859375,0.7425763346254826,0.022500000000000003,18.365421056747437,0.0807024734094739,-0.006996804848313332,0.6263427734375,0.7425763346254826
224,-0.97314453125,5.256298471242189,0.03375,20.447251796722412,0.09716605022549629,-0.08173146843910217,0.606292724609375,5.256298471242189
232,-2.198974609375,5.863525576889515,0.050625,21.086880207061768,0.2414807453751564,-0.05651090852916241,1.001220703125,5.863525576889515
240,1.754425048828125,5.934965565800667,0.0759375,12.508105993270874,0.4221483120927587,0.013765258714556694,1.0791015625,5.934965565800667
248,0.716796875,5.671823434531689,0.11390625000000001,14.348886489868164,0.4970041662454605,-0.04857954941689968,1.14892578125,5.671823434531689
256,-0.18212890625,3.361855000257492,0.11390625000000001,17.944188117980957,0.45433479733765125,-0.0026218798011541367,0.739990234375,3.361855000257492
264,0.98681640625,3.9742080196738243,0.11390625000000001,8.621660470962524,0.5736754015088081,0.03708780184388161,0.839599609375,3.9742080196738243
272,-0.849609375,2.658900260925293,0.11390625000000001,16.465022563934326,0.3442995026707649,-0.02843584679067135,0.69879150390625,2.658900260925293
280,1.04443359375,5.487040743231773,0.17085937500000004,14.271721124649048,0.7247673394158483,0.013028137385845184,0.8670654296875,5.487040743231773
288,-1.02960205078125,3.6521779894828796,0.17085937500000004,17.0302095413208,0.7595798382535577,0.048153355717659,0.8736572265625,3.6521779894828796
296,0.319580078125,4.865537986159325,0.25628906250000005,13.522984027862549,0.8816197738051414,-0.034923385828733444,0.852294921875,4.865537986159325
304,1.80615234375,3.5958769991993904,0.25628906250000005,10.571945428848267,1.0318060517311096,0.02706170082092285,0.832275390625,3.5958769991993904
312,3.36181640625,5.084424778819084,0.3,11.72452712059021,1.478711448609829,0.09548980370163918,0.80047607421875,5.084424778819084
320,3.22515869140625,3.3736007064580917,0.3,8.100590467453003,1.1633219495415688,0.07432214531581849,0.7696533203125,3.3736007064580917
328,2.72265625,3.028723865747452,0.3,3.1030759811401367,0.9685519598424435,-0.04504569247364998,1.0499267578125,3.028723865747452
336,1.9931640625,2.0689580142498016,0.3,3.66039776802063,0.7414235062897205,0.02748196665197611,0.932861328125,2.0689580142498016
344,2.89263916015625,4.045429706573486,0.3,2.309882164001465,1.3170791193842888,0.004084959626197815,0.993896484375,4.045429706573486
352,2.876953125,3.2095982432365417,0.3,2.2105441093444824,1.143925592303276,0.09236200153827667,0.8865966796875,3.2095982432365417
360,3.585205078125,1.5623514354228973,0.3,6.9770355224609375,0.5089924931526184,-0.036225819028913975,0.7655868530273438,1.5623514354228973
368,2.78759765625,-2.7347122728824615,0.19999999999999998,7.362760543823242,-0.7979340218007565,-0.06902724876999855,0.91552734375,-2.7347122728824615
376,0.716796875,-3.954568028450012,0.13333333333333333,13.442722797393799,-0.7049955427646637,-0.0004619229584932327,0.8629150390625,-3.954568028450012
384,-0.2626953125,-3.4260865822434425,0.08888888888888889,19.687760591506958,-0.3887975476682186,-0.026430247351527214,0.943115234375,-3.4260865822434425
392,0.717041015625,-5.805608339607716,0.05925925925925926,19.83626389503479,-0.4189636930823326,-0.006989812478423119,1.0416259765625,-5.805608339607716
400,-1.31884765625,-6.056837826967239,0.03950617283950617,19.927403926849365,-0.2578255124390125,-0.0015400350093841553,1.026123046875,-6.056837826967239
408,0.4827880859375,-2.938947319984436,0.02633744855967078,9.179448127746582,-0.07032407820224762,-0.06351621821522713,1.091796875,-2.938947319984436
416,0.73583984375,-5.238933898508549,0.017558299039780522,13.859129667282104,-0.07386570423841476,-0.019371163100004196,0.8344879150390625,-5.238933898508549
424,1.442138671875,-9.011725772172213,0.011705532693187014,16.60034942626953,-0.0903306994587183,-0.020417984575033188,0.8836669921875,-9.011725772172213
432,3.4033203125,-2.2817811369895935,0.01,5.812783479690552,0.007756104692816734,-0.06019996292889118,0.94677734375,-2.2817811369895935
440,1.751220703125,-4.115474820137024,0.01,7.978620767593384,0.027687503024935722,-0.01293722540140152,0.818359375,-4.115474820137024
448,3.0615234375,-3.9013523384928703,0.01,7.65786600112915,0.03696894645690918,-0.00541362538933754,0.8134765625,-3.9013523384928703
456,2.87158203125,-0.6690323054790497,0.01,3.079725980758667,0.05853427015244961,-0.035742808133363724,1.0107421875,-0.6690323054790497
464,3.087890625,3.5648189783096313,0.01,2.4977147579193115,0.1227592583745718,-0.02226392552256584,1.0947265625,3.5648189783096313
472,2.2109375,1.3112274408340454,0.01,2.9132702350616455,0.0328173004090786,-0.06341914180666208,0.83172607421875,1.3112274408340454
480,3.4033203125,4.245387941598892,0.015,2.3020362854003906,0.06809405237436295,-0.053903888911008835,0.7947998046875,4.245387941598892
488,3.7646484375,4.8681111335754395,0.0225,2.330496072769165,0.13227749150246382,-0.008676301687955856,0.678466796875,4.8681111335754395
496,2.720703125,5.842566013336182,0.03375,2.345663070678711,0.2464236505329609,-0.027642732486128807,1.424560546875,5.842566013336182
504,2.88671875,6.153490126132965,0.050625,2.322197437286377,0.2997469622641802,-0.008061517030000687,1.0009765625,6.153490126132965
512,0.7890625,-1.8778294622898102,0.03375,9.904019117355347,-0.035294339060783386,-0.025953087955713272,0.856689453125,-1.8778294622898102
520,4.142578125,5.488540947437286,0.050625,2.373526096343994,0.24952931515872478,-0.005021989345550537,0.693115234375,5.488540947437286
528,2.77685546875,5.535407364368439,0.0759375,2.3555521965026855,0.3875739276409149,-0.006471363827586174,1.1385498046875,5.535407364368439
536,2.962158203125,2.3881345987319946,0.0759375,2.886542320251465,0.24758718349039555,-0.015693875029683113,0.8184814453125,2.3881345987319946
544,3.638671875,5.7643883228302,0.11390625000000001,2.359034776687622,0.5358659327030182,-0.004223264753818512,1.024169921875,5.7643883228302
552,3.873046875,5.004174083471298,0.17085937500000004,2.334780693054199,0.6300583090633154,-0.0006478596478700638,0.6064453125,5.004174083471298
560,3.1354217529296875,5.461181044578552,0.25628906250000005,2.3453128337860107,1.0841031447052956,0.057724546641111374,0.9326171875,5.461181044578552
568,2.25,-0.8407485410571098,0.17085937500000004,5.2435383796691895,-0.1358332671225071,-0.03777498938143253,1.1737060546875,-0.8407485410571098
576,1.134765625,-4.858725339174271,0.11390625000000003,4.498876571655273,-0.737056527286768,-0.00017468631267547607,0.9332275390625,-4.858725339174271
584,2.2733612060546875,-3.3342765271663666,0.07593750000000002,4.550236940383911,-0.30397045984864235,-0.022770196199417114,0.9852294921875,-3.3342765271663666
592,1.772705078125,1.0352100133895874,0.07593750000000002,3.3093771934509277,0.11179559165611863,-0.03810472972691059,0.713134765625,1.0352100133895874
600,3.2451171875,3.3781979978084564,0.07593750000000002,2.796212911605835,0.27218814566731453,-0.06579520553350449,0.814697265625,3.3781979978084564
608,3.1083984375,5.941269397735596,0.11390625000000003,2.359349012374878,0.49221475422382355,-0.043865565210580826,0.8497314453125,5.941269397735596
616,3.5556640625,5.691858291625977,0.17085937500000004,2.383396863937378,0.7234586626291275,-0.0030732527375221252,0.7806396484375,5.691858291625977
624,2.00927734375,1.8639511168003082,0.17085937500000004,3.2529757022857666,0.4830770939588547,0.07918866910040379,0.85430908203125,1.8639511168003082
632,-0.662109375,0.20868191123008728,0.11390625000000003,7.310508489608765,0.12350056692957878,-0.016036521643400192,1.0380859375,0.20868191123008728
640,2.898040771484375,1.086317926645279,0.11390625000000003,4.666919708251953,0.16566015034914017,-0.05030236765742302,0.92236328125,1.086317926645279
648,0.8607177734375,1.6759026944637299,0.11390625000000003,7.0950987339019775,0.2425653114914894,-0.03811319172382355,0.898681640625,1.6759026944637299
656,2.98046875,2.8333442956209183,0.11390625000000003,2.83440899848938,0.41357509419322014,0.019001081585884094,0.718017578125,2.8333442956209183
664,2.99462890625,0.8584688901901245,0.07593750000000002,7.199077606201172,0.16612010449171066,-0.024468831717967987,0.9287109375,0.8584688901901245
672,3.833984375,2.7997730523347855,0.07593750000000002,2.548405408859253,0.2415329571813345,-0.06200195290148258,0.9088134765625,2.7997730523347855
680,2.52197265625,0.9039998054504395,0.05062500000000001,2.7604715824127197,0.27993952203541994,0.11394096724689007,0.9727783203125,0.9039998054504395
688,3.96826171875,4.690715432167053,0.07593750000000002,2.269935369491577,0.2728883121162653,-0.030588671565055847,0.6600341796875,4.690715432167053
696,2.750732421875,-0.18922193348407745,0.05062500000000001,2.9155216217041016,0.039851076900959015,-0.029718471691012383,0.839111328125,-0.18922193348407745
704,2.31201171875,4.181103825569153,0.07593750000000002,2.1623756885528564,0.29307241179049015,-0.008531272411346436,0.89990234375,4.181103825569153
712,3.108642578125,2.50837342441082,0.07593750000000002,2.437371253967285,0.345586696639657,0.07160336151719093,0.83428955078125,2.50837342441082
720,2.8916015625,0.6603822410106659,0.05062500000000001,2.7001852989196777,0.14526632614433765,-0.02164170704782009,1.1680908203125,0.6603822410106659
728,2.81005859375,-0.1890886127948761,0.03375000000000001,7.218414306640625,0.08400869136676192,0.006650075316429138,0.870208740234375,-0.1890886127948761
736,2.9052734375,-1.0091444998979568,0.022500000000000006,3.5954031944274902,0.013972733169794083,-0.027270767837762833,0.75457763671875,-1.0091444998979568
744,0.6494140625,-1.6447322815656662,0.015000000000000005,7.382753372192383,0.04052563011646271,-0.007997220382094383,0.85491943359375,-1.6447322815656662
752,1.99462890625,1.3214811831712723,0.015000000000000005,2.6833138465881348,0.1149844266474247,0.010857407003641129,0.843017578125,1.3214811831712723
760,3.1044921875,3.753723621368408,0.015000000000000005,2.331089496612549,0.10968306194990873,-0.030012058094143867,0.833984375,3.753723621368408
768,1.9876024723052979,-3.7905209437012672,0.010000000000000004,4.2956154346466064,0.025285586714744568,-0.0356239415705204,1.17822265625,-3.7905209437012672
776,0.7666015625,-3.8553581312298775,0.01,7.052868127822876,0.0018141083419322968,-0.044944196939468384,0.85333251953125,-3.8553581312298775
784,3.26318359375,5.329069256782532,0.015,2.284022331237793,0.10939173214137554,-0.021993450820446014,0.7818603515625,5.329069256782532
792,2.7275390625,3.1127052307128906,0.015,2.30002498626709,0.0857083648443222,-0.054701678454875946,0.936767578125,3.1127052307128906
800,2.44921875,4.800189197063446,0.0225,2.1620216369628906,0.15991969034075737,-0.0014195404946804047,0.89434814453125,4.800189197063446
808,3.8427734375,5.07528680562973,0.03375,2.1504080295562744,0.23221245221793652,-0.002922661602497101,1.209228515625,5.07528680562973
816,3.666015625,4.8687344789505005,0.050625,2.1708896160125732,0.25519699417054653,-0.003635738044977188,0.9462890625,4.8687344789505005
824,4.1708984375,3.771318882703781,0.050625,2.2241179943084717,0.2738359235227108,-0.012088308110833168,0.950439453125,3.771318882703781
832,1.86474609375,5.156879872083664,0.0759375,2.1703481674194336,0.3405336122959852,-0.0010898243635892868,0.8062362670898438,5.156879872083664
840,3.36083984375,4.3425635397434235,0.11390625000000001,2.1864330768585205,0.41229186207056046,-0.0003573056310415268,0.82855224609375,4.3425635397434235
848,3.3857421875,4.740099310874939,0.17085937500000004,2.2241036891937256,0.6539928056299686,-0.002145061269402504,1.16162109375,4.740099310874939
856,2.343017578125,5.353835046291351,0.25628906250000005,2.171712875366211,0.9872471280395985,-0.004318569786846638,0.7686767578125,5.353835046291351
864,3.6923828125,-5.657441042363644,0.17085937500000004,7.1027586460113525,-1.3618414252996445,-0.004338907077908516,0.924560546875,-5.657441042363644
872,3.3701171875,-2.001962423324585,0.11390625000000003,6.809250354766846,-0.2501283884048462,-0.014952626079320908,1.06903076171875,-2.001962423324585
880,3.226318359375,-3.7161956429481506,0.07593750000000002,4.393414735794067,-0.31641020998358727,0.005081064999103546,1.017578125,-3.7161956429481506
888,2.485107421875,0.43510788679122925,0.05062500000000001,6.878539323806763,0.13850763998925686,-0.0017187371850013733,1.072265625,0.43510788679122925
896,3.822265625,4.841891825199127,0.07593750000000002,2.1526434421539307,0.33811785094439983,-0.011922359466552734,1.04931640625,4.841891825199127
904,2.6591796875,1.2450395226478577,0.07593750000000002,4.136446714401245,0.14805111661553383,-0.04097650200128555,0.9444580078125,1.2450395226478577
912,3.767333984375,-1.9519366919994354,0.05062500000000001,4.494426012039185,-0.061254072934389114,0.005763828754425049,0.8115234375,-1.9519366919994354
920,2.9150390625,-5.006123244762421,0.03375000000000001,9.207778692245483,-0.16754200309515,0.000703154131770134,0.85296630859375,-5.006123244762421
928,1.80908203125,-3.834223747253418,0.022500000000000006,7.7816548347473145,-0.05770537070930004,-0.021901529282331467,0.935394287109375,-3.834223747253418
936,3.224609375,2.29926261305809,0.022500000000000006,2.795097827911377,0.14529142528772354,-0.0019314885139465332,0.95458984375,2.29926261305809
944,2.501708984375,-1.4336232990026474,0.015000000000000005,7.5435097217559814,0.1030237851664424,0.031459517776966095,1.03936767578125,-1.4336232990026474
952,3.634765625,4.807186633348465,0.022500000000000006,2.17437481880188,0.1489419424906373,-0.0018249079585075378,0.786865234375,4.807186633348465
960,2.8876953125,5.307895123958588,0.03375000000000001,2.203550100326538,0.17183410190045834,-0.005191650707274675,0.576568603515625,5.307895123958588
968,3.1171875,1.2937461882829666,0.03375000000000001,4.565708160400391,0.14693844877183437,0.003115817904472351,1.00250244140625,1.2937461882829666
976,1.5946044921875,4.541778773069382,0.05062500000000002,2.1897661685943604,0.23977279290556908,-4.485994577407837e-05,0.865966796875,4.541778773069382
984,4.666778564453125,1.791978806257248,0.05062500000000002,4.478775262832642,0.15404684841632843,-0.014060836285352707,0.773651123046875,1.791978806257248
992,3.908203125,1.26523357629776,0.05062500000000002,5.5409557819366455,0.13188679330050945,-0.01799634099006653,0.859375,1.26523357629776
1000,3.554931640625,2.8131687492132187,0.05062500000000002,2.383894920349121,0.2424209713935852,-0.0014132410287857056,1.013671875,2.8131687492132187
1008,2.6993408203125,1.8921707570552826,0.05062500000000002,2.5315427780151367,0.17329993098974228,-0.008337166160345078,0.85888671875,1.8921707570552826
1016,3.021484375,3.647693544626236,0.05062500000000002,2.3598780632019043,0.2573006860911846,-0.010268624871969223,0.828948974609375,3.647693544626236
1024,3.31005859375,5.602009952068329,0.07593750000000002,2.189659357070923,0.37246548384428024,0.000530601479113102,0.883941650390625,5.602009952068329
1032,3.36083984375,4.461459189653397,0.11390625000000003,2.2170188426971436,0.40341975912451744,-0.012074422091245651,0.7672882080078125,4.461459189653397
1040,2.998291015625,5.056768357753754,0.17085937500000004,2.1905410289764404,0.6352641582489014,-0.0003074873238801956,0.595672607421875,5.056768357753754
1048,3.2412109375,4.031653583049774,0.25628906250000005,2.1916399002075195,0.789921510964632,-0.000883542001247406,1.01904296875,4.031653583049774
1056,3.224609375,4.165619105100632,0.3,2.1791136264801025,1.1671030819416046,-0.0012735826894640923,1.0078773498535156,4.165619105100632
1064,2.5595703125,1.0263852626085281,0.3,3.4809319972991943,0.3929468244314194,-0.008138947188854218,0.93115234375,1.0263852626085281
1072,3.04541015625,4.517056971788406,0.3,2.182258367538452,1.4385205507278442,-0.0032398588955402374,0.8675384521484375,4.517056971788406
1080,2.9674072265625,1.0223052501678467,0.3,3.114534854888916,0.3831884190440178,-0.0009872857481241226,0.7744140625,1.0223052501678467
1088,1.8446044921875,2.5481352508068085,0.3,2.8610363006591797,0.8700234219431877,0.007041558623313904,0.98583984375,2.5481352508068085
1096,3.8193359375,1.6107370853424072,0.3,5.008273601531982,0.5997717380523682,0.015995170921087265,1.005126953125,1.6107370853424072
1104,3.4771728515625,5.3065149784088135,0.3,2.2158942222595215,1.683205634355545,0.0015198644250631332,0.8974609375,5.3065149784088135
1112,1.677734375,-2.306989073753357,0.19999999999999998,5.803257942199707,-0.6091747246682644,0.006521269679069519,0.763916015625,-2.306989073753357
1120,1.9892578125,0.6602579355239868,0.13333333333333333,7.080630540847778,0.20388547331094742,-0.0036341724917292595,0.7550773620605469,0.6602579355239868
1128,3.1796875,1.543916940689087,0.13333333333333333,3.1879398822784424,0.28786908835172653,-0.004110932350158691,0.860687255859375,1.543916940689087
1136,2.2413177490234375,-0.9202602803707123,0.08888888888888889,8.907365322113037,-0.03573857061564922,0.0007811617106199265,0.861572265625,-0.9202602803707123
1144,4.360595703125,1.5446895360946655,0.08888888888888889,3.86983323097229,0.2325846031308174,-0.00011908262968063354,0.953857421875,1.5446895360946655
1152,1.7421875,-6.355120025575161,0.05925925925925926,11.108052968978882,-0.4944723788648844,-0.0016248028259724379,0.720458984375,-6.355120025575161
1160,3.7138671875,0.8315257430076599,0.03950617283950617,4.050022602081299,0.13183031789958477,-0.0025883689522743225,0.8511810302734375,0.8315257430076599
1168,2.1484375,0.48323309421539307,0.02633744855967078,6.949652433395386,0.09953560680150986,-0.005462063476443291,0.85882568359375,0.48323309421539307
1176,3.60986328125,-1.0857640206813812,0.017558299039780522,7.132652759552002,0.06248253770172596,-0.004143683239817619,0.9520263671875,-1.0857640206813812
1184,0.6123046875,-8.316236086189747,0.011705532693187014,14.482398986816406,-0.04726449865847826,0.005721624940633774,0.9305419921875,-8.316236086189747
1192,3.5888671875,-1.104229599237442,0.01,3.1911709308624268,0.0843646451830864,0.002561774104833603,0.947601318359375,-1.104229599237442
1200,2.6474609375,4.218216240406036,0.015,2.171376943588257,0.1286852671764791,0.0008240481838583946,0.8567695617675781,4.218216240406036
1208,2.5439453125,4.4124868512153625,0.0225,2.186786651611328,0.1340758614242077,-0.0006081406027078629,0.6854248046875,4.4124868512153625
1216,2.7431640625,0.9011296331882477,0.015,3.1854779720306396,0.07456249557435513,-0.0037955138832330704,0.5802001953125,0.9011296331882477
1224,3.44287109375,-2.5584942400455475,0.01,7.899192810058594,0.06062767468392849,0.0063842348754405975,0.926025390625,-2.5584942400455475
1232,2.9482421875,1.6301164031028748,0.01,2.819153070449829,0.09354323893785477,0.00029200129210948944,0.7698974609375,1.6301164031028748
1240,1.6680908203125,0.34180688858032227,0.01,3.35052227973938,0.07599600311368704,-0.003040805459022522,0.756317138671875,0.34180688858032227
1248,2.51171875,-0.19488325715065002,0.01,3.1219418048858643,0.0968544315546751,0.007351620122790337,0.91290283203125,-0.19488325715065002
1256,2.466552734375,1.8528273105621338,0.01,6.049248933792114,0.108644288033247,-0.0032677892595529556,0.934326171875,1.8528273105621338
1264,1.94024658203125,-6.384515084326267,0.01,11.09649395942688,0.04174326919019222,0.014254560694098473,0.9145278930664062,-6.384515084326267
1272,2.10546875,-4.34167717397213,0.01,6.138725280761719,0.06189861334860325,0.00701826810836792,0.9820556640625,-4.34167717397213
1280,1.42816162109375,-0.5037627816200256,0.01,3.6204867362976074,0.08396149054169655,0.0031684227287769318,0.8580322265625,-0.5037627816200256
1288,4.380859375,1.0265217423439026,0.01,4.418781757354736,0.10253201890736818,0.0033462056890130043,0.888671875,1.0265217423439026
1296,2.2236328125,0.5803260505199432,0.01,7.065891265869141,0.08516111224889755,-0.009875550866127014,0.8924560546875,0.5803260505199432
1304,3.40087890625,-0.2760861814022064,0.01,2.926084518432617,0.07129875756800175,-0.006277896463871002,0.80322265625,-0.2760861814022064
1312,2.73779296875,-2.2067136615514755,0.01,5.009295225143433,0.05527883768081665,-0.005425331182777882,0.82720947265625,-2.2067136615514755
1320,3.1336669921875,0.4678903818130493,0.01,6.915750980377197,0.11023454181849957,0.009516822174191475,0.962646484375,0.4678903818130493
1328,2.1417388916015625,1.1169866621494293,0.01,7.180834531784058,0.08915350353345275,0.0006566271185874939,0.7733612060546875,1.1169866621494293
1336,1.2890625,-6.887584626674652,0.01,13.58840537071228,0.0069360146299004555,-0.005044462159276009,0.8096923828125,-6.887584626674652
1344,2.962890625,0.22423118352890015,0.01,3.118563413619995,0.09670469397678971,0.0026159118860960007,0.9182357788085938,0.22423118352890015
1352,3.22900390625,3.954856961965561,0.01,2.176009178161621,0.13577020354568958,-0.005356114357709885,1.015380859375,3.954856961965561
1360,3.48046875,1.0550095438957214,0.01,6.873043060302734,0.08732356131076813,-0.002373861148953438,0.791015625,1.0550095438957214
1368,3.76171875,0.6002613306045532,0.01,6.736127138137817,0.10812431667000055,0.004801146686077118,0.97412109375,0.6002613306045532
1376,2.015625,0.7084035575389862,0.01,4.6224684715271,0.09316394105553627,0.0018399488180875778,0.84173583984375,0.7084035575389862
1384,5.02734375,4.957559883594513,0.015,2.1772265434265137,0.11503058113157749,-0.0011877752840518951,0.66632080078125,4.957559883594513
1392,2.86181640625,3.4883760511875153,0.015,2.3920822143554688,0.132905475795269,-0.012376710772514343,0.928466796875,3.4883760511875153
1400,1.9854049682617188,-3.126141309738159,0.01,5.94131064414978,0.04563107155263424,0.001519782468676567,0.90966796875,-3.126141309738159
1408,3.02197265625,-6.046319872140884,0.01,9.82845401763916,0.0025147907435894012,-0.0352581012994051,0.98211669921875,-6.046319872140884
1416,3.15625,1.7149609327316284,0.01,7.097735404968262,0.09180088806897402,-0.0024666404351592064,0.77069091796875,1.7149609327316284
1424,4.65234375,4.7695794105529785,0.015,2.1912076473236084,0.11577947810292244,-0.005677301436662674,0.73828125,4.7695794105529785
1432,3.8115234375,2.429270476102829,0.015,2.510315179824829,0.12315081991255283,-0.0057221632450819016,0.9246826171875,2.429270476102829
1440,2.09912109375,-3.565157003700733,0.01,7.631251335144043,0.014796892181038857,-0.017880694940686226,0.86181640625,-3.565157003700733
1448,2.4347381591796875,-1.7170445173978806,0.01,4.602362871170044,0.0689561739563942,-0.009370507672429085,0.95489501953125,-1.7170445173978806
1456,1.279296875,-7.089890897274017,0.01,13.764037609100342,0.009143499657511711,-0.00958675891160965,0.8967933654785156,-7.089890897274017
1464,3.4970703125,-2.077076457440853,0.01,6.037987232208252,0.09720037458464503,0.016835888847708702,1.0106201171875,-2.077076457440853
1472,3.97021484375,0.8025667071342468,0.01,5.7840142250061035,0.08475674316287041,-0.010060915723443031,0.8668212890625,0.8025667071342468
1480,2.915283203125,-1.2686482965946198,0.01,7.371840953826904,0.056959194131195545,-0.0022613629698753357,0.718994140625,-1.2686482965946198
1488,3.9990234375,-1.914104014635086,0.01,4.04337739944458,0.08181442320346832,0.008620716631412506,0.922943115234375,-1.914104014635086
1496,2.546875,-0.19467049837112427,0.01,4.27129054069519,0.078614431200549,-0.0024466831237077713,0.830078125,-0.19467049837112427
1504,2.039215087890625,2.029769539833069,0.01,7.078385591506958,0.10539574222639203,-0.003032900393009186,0.8808441162109375,2.029769539833069
1512,2.61962890625,0.5879344493150711,0.01,4.458382606506348,0.08614629320800304,-0.01314735971391201,0.935302734375,0.5879344493150711
1520,3.4208984375,1.8023224174976349,0.01,3.2640671730041504,0.10510187083855271,-0.00813239999115467,0.9522705078125,1.8023224174976349
1528,2.7685546875,3.161045640707016,0.01,2.46327805519104,0.09944049222394824,-0.022212078794836998,0.8997802734375,3.161045640707016
1536,3.5419921875,4.782953977584839,0.015,2.1648247241973877,0.13245032262057066,-0.001423526555299759,0.860107421875,4.782953977584839
1544,0.9713211059570312,-3.942105211317539,0.01,12.320957899093628,0.010884301736950874,-0.017622973769903183,0.8751220703125,-3.942105211317539
1552,3.1123046875,4.364711493253708,0.015,2.1785054206848145,0.12462862022221088,-0.007168524898588657,0.8817138671875,4.364711493253708
1560,2.410400390625,5.17102313041687,0.0225,2.17279314994812,0.17725970596075058,0.0010582245886325836,0.9854164123535156,5.17102313041687
1568,3.669921875,1.9116443991661072,0.0225,4.501867771148682,0.1309383548796177,-0.009272139519453049,0.97265625,1.9116443991661072
1576,3.7392578125,1.040634997189045,0.0225,4.347221851348877,0.09613872319459915,-0.02641192451119423,0.990966796875,1.040634997189045
1584,2.8583984375,1.1485496312379837,0.0225,6.937702178955078,0.08454902097582817,-0.017068495973944664,0.7574462890625,1.1485496312379837
1592,2.9697265625,1.0675954967737198,0.0225,3.9628958702087402,0.07419811934232712,-0.04033791646361351,0.904541015625,1.0675954967737198
1600,3.15234375,1.4642006754875183,0.0225,3.1845016479492188,0.08434751629829407,-0.021165896207094193,0.7261962890625,1.4642006754875183
1608,2.8232421875,1.3309778645634651,0.0225,4.148818016052246,0.11957604251801968,0.0015247948467731476,0.880859375,1.3309778645634651
1616,4.564453125,3.8706527054309845,0.0225,2.21648907661438,0.2118367636576295,0.0006931107491254807,1.241455078125,3.8706527054309845
1624,3.3603515625,5.382405638694763,0.03375,2.197866201400757,0.18369527347385883,-0.0005504414439201355,0.6315689086914062,5.382405638694763
1632,4.4521484375,4.76087960600853,0.050625,2.2019143104553223,0.25642889365553856,-0.0007779132574796677,0.9658203125,4.76087960600853
1640,3.626220703125,5.279875695705414,0.0759375,2.1930887699127197,0.3583991602063179,-0.0018434561789035797,0.93011474609375,5.279875695705414
1648,3.228515625,4.885224640369415,0.11390625000000001,2.1739649772644043,0.4493659734725952,-0.0008885497227311134,0.7915573120117188,4.885224640369415
1656,1.54052734375,1.9124784767627716,0.11390625000000001,2.8525404930114746,0.28241873160004616,-0.0017601903527975082,0.6639404296875,1.9124784767627716
1664,2.680206298828125,4.181572884321213,0.17085937500000004,2.202582597732544,0.5663927868008614,-0.0005593253299593925,0.905609130859375,4.181572884321213
1672,4.6015625,5.142357915639877,0.25628906250000005,2.1849143505096436,0.9733112081885338,-0.002247953787446022,0.96881103515625,5.142357915639877
1680,1.7919921875,1.2027455568313599,0.25628906250000005,6.996911525726318,0.37079888582229614,-0.0035374462604522705,0.660400390625,1.2027455568313599
1688,2.52099609375,4.223162591457367,0.3,2.1908118724823,1.152759961783886,-0.00914594903588295,0.79473876953125,4.223162591457367
1696,2.0771484375,-1.8778409361839294,0.19999999999999998,11.512798547744751,-0.49866966903209686,0.004258757457137108,0.6052436828613281,-1.8778409361839294
1704,4.51318359375,4.272745251655579,0.3,2.177886486053467,0.8963745534420013,-0.0357997789978981,0.77630615234375,4.272745251655579
1712,1.628662109375,-4.524916797876358,0.19999999999999998,11.764819145202637,-1.3203614577651024,-0.02285532606765628,0.59942626953125,-4.524916797876358
1720,-0.79150390625,-4.749044470489025,0.13333333333333333,20.411600828170776,-0.8981199264526367,-0.023233563639223576,0.75006103515625,-4.749044470489025
1728,-2.013427734375,-2.4717695955187082,0.08888888888888889,21.21066665649414,-0.24995880713686347,-0.019461020827293396,0.9913330078125,-2.4717695955187082
1736,-0.0634765625,-1.9282074272632599,0.05925925925925926,14.9670991897583,-0.1290513132698834,-0.027296211570501328,0.6962890625,-1.9282074272632599
1744,-1.20947265625,-6.638542406260967,0.03950617283950617,21.145192623138428,-0.3400962669402361,-0.03744516894221306,0.907470703125,-6.638542406260967
1752,0.9267578125,-5.93316899985075,0.02633744855967078,15.648041009902954,-0.18718242645263672,-0.048828259110450745,0.96051025390625,-5.93316899985075
1760,0.2535400390625,-7.45017421990633,0.017558299039780522,21.12353515625,-0.15332717262208462,-0.02851208671927452,0.7138671875,-7.45017421990633
1768,0.1259765625,-4.3254211731255054,0.011705532693187014,21.022286891937256,-0.007295071147382259,-0.015423968434333801,0.84033203125,-4.3254211731255054
1776,2.398681640625,-6.448926255106926,0.01,14.991150617599487,-0.03765029460191727,-0.04528157040476799,0.831268310546875,-6.448926255106926
1784,-0.38134765625,-2.4034623205661774,0.01,19.27713394165039,0.01248296070843935,-0.03414968587458134,0.705963134765625,-2.4034623205661774
1792,1.103271484375,-7.358629122376442,0.01,17.44591236114502,-0.06761138699948788,-0.073691226541996,0.79638671875,-7.358629122376442
1800,-0.47219812870025635,-2.7317892350256443,0.01,20.122745752334595,0.04009184055030346,-0.028629079461097717,0.9603271484375,-2.7317892350256443
1808,-0.14453125,-1.596748698502779,0.01,16.284115076065063,0.008211977779865265,-0.05417441949248314,0.78289794921875,-1.596748698502779
1816,1.93505859375,-2.2017873004078865,0.01,9.741039514541626,0.0019324850291013718,-0.0468580536544323,0.7073974609375,-2.2017873004078865
1824,2.0561065673828125,1.3688508421182632,0.01,3.8583788871765137,0.13860714621841908,0.01093548908829689,1.1396484375,1.3688508421182632
1832,2.5535888671875,3.403552934527397,0.01,2.4503517150878906,0.08804501127451658,-0.02396293729543686,0.780029296875,3.403552934527397
1840,3.689453125,2.0391167402267456,0.01,2.9658713340759277,0.08301432151347399,-0.007231581956148148,0.698974609375,2.0391167402267456
1848,3.9296875,5.2550159096717834,0.015,2.2231569290161133,0.13335565757006407,0.0007121111266314983,0.8017578125,5.2550159096717834
1856,3.208984375,4.710082232952118,0.0225,2.21099591255188,0.1455477741546929,-0.014672549441456795,0.8955078125,4.710082232952118
1864,2.56689453125,5.069521546363831,0.03375,2.2047433853149414,0.18051729537546635,-0.024809760972857475,0.912109375,5.069521546363831
1872,2.8369140625,2.0585297346115112,0.03375,4.630093097686768,0.14608747325837612,0.0016685537993907928,0.74957275390625,2.0585297346115112
1880,1.8719482421875,3.5628761053085327,0.03375,2.2997045516967773,0.17873454838991165,-0.014281684532761574,0.7271728515625,3.5628761053085327
1888,2.535400390625,4.821303963661194,0.050625,2.176405668258667,0.2643545027822256,-0.00035425182431936264,1.0205078125,4.821303963661194
1896,3.00341796875,5.8243977427482605,0.0759375,2.1941394805908203,0.4046453721821308,-0.0005663279443979263,1.1025390625,5.8243977427482605
1904,4.181640625,4.999062150716782,0.11390625000000001,2.2168736457824707,0.45696813985705376,-0.01731368713080883,0.94683837890625,4.999062150716782
1912,3.865234375,4.825587809085846,0.17085937500000004,2.2329585552215576,0.6575164310634136,1.7970800399780273e-05,1.078857421875,4.825587809085846
1920,4.21875,4.5878119468688965,0.25628906250000005,2.2312488555908203,0.8563341945409775,0.00016351230442523956,0.724334716796875,4.5878119468688965
1928,3.1171875,5.352796375751495,0.3,2.2097623348236084,1.4497739374637604,-0.0007406696677207947,0.787353515625,5.352796375751495
1936,2.495361328125,4.473855584859848,0.3,2.2268810272216797,1.4295215457677841,-0.002095579169690609,0.8938560485839844,4.473855584859848
1944,2.3017578125,2.354934722185135,0.3,2.6010046005249023,0.7545537799596786,-0.03352304082363844,0.8154296875,2.354934722185135
1952,2.931640625,5.167975962162018,0.3,2.1962532997131348,1.625431403517723,-0.01750601828098297,0.92510986328125,5.167975962162018
1960,3.51220703125,-1.28800830245018,0.19999999999999998,6.953807353973389,-0.28609178960323334,0.022063622251152992,0.781829833984375,-1.28800830245018
1968,2.841796875,-7.781553171575069,0.13333333333333333,14.46070122718811,-1.5019079744815826,-0.023813895881175995,0.782470703125,-7.781553171575069
1976,1.27276611328125,-1.7042442336678505,0.08888888888888889,12.849705934524536,-0.14350172132253647,-0.0051515959203243256,0.8887939453125,-1.7042442336678505
1984,0.4599609375,-8.998805195093155,0.05925925925925926,20.830177545547485,-0.7398348972201347,-0.030578291043639183,0.90673828125,-8.998805195093155
1992,2.7958984375,-8.33335492759943,0.03950617283950617,12.281538963317871,-0.4401903375983238,-0.02799641340970993,0.81689453125,-8.33335492759943
2000,0.96142578125,-2.7284989655017853,0.02633744855967078,12.222910404205322,-0.051918841898441315,-0.025182869285345078,0.810760498046875,-2.7284989655017853
2008,1.32763671875,-5.1316260397434235,0.017558299039780522,10.3704674243927,-0.08792675845324993,-0.02973051555454731,0.7703857421875,-5.1316260397434235
2016,3.900390625,4.255340665578842,0.02633744855967078,2.2112903594970703,0.14528639800846577,-0.021303312852978706,0.91973876953125,4.255340665578842
2024,3.9306640625,5.098703324794769,0.03950617283950617,2.1825690269470215,0.23304366320371628,-0.0006236732006072998,0.9931640625,5.098703324794769
2032,3.98193359375,2.016937732696533,0.03950617283950617,3.714733839035034,0.188093276694417,-0.007814410142600536,1.162841796875,2.016937732696533
2040,3.279296875,5.483826637268066,0.05925925925925926,2.1790993213653564,0.32587790861725807,-0.0003810003399848938,1.0952835083007812,5.483826637268066
2048,3.28173828125,0.9989932179450989,0.03950617283950617,5.7326579093933105,0.13380158133804798,-0.007681030780076981,0.823486328125,0.9989932179450989
2056,3.150390625,0.006109178066253662,0.02633744855967078,7.150045156478882,0.0728387888520956,-0.013286661356687546,0.8590087890625,0.006109178066253662
2064,2.8447265625,0.9625871777534485,0.017558299039780522,3.4431002140045166,0.10863454081118107,-0.015556365251541138,0.9881591796875,0.9625871777534485
2072,3.446533203125,-4.424395404756069,0.011705532693187014,7.6787261962890625,-0.012106814421713352,-0.025204096455127,0.90753173828125,-4.424395404756069
2080,3.406982421875,0.38933849334716797,0.01,5.918001651763916,0.08771782461553812,-0.004837034270167351,0.8795166015625,0.38933849334716797
2088,2.24609375,-6.203682377934456,0.01,13.341915845870972,-0.010542535688728094,-0.017933204770088196,0.694580078125,-6.203682377934456
2096,0.4833984375,-7.747904077172279,0.01,12.663541078567505,-0.04055109387263656,-0.04278014786541462,0.796875,-7.747904077172279
2104,2.8369140625,1.3800886273384094,0.01,2.8923404216766357,0.07528992090374231,-0.017307348549365997,0.787841796875,1.3800886273384094
2112,2.107421875,2.2964201867580414,0.01,4.060435056686401,0.08335354179143906,-0.03326148446649313,0.9365234375,2.2964201867580414
2120,1.76708984375,-1.6105114072561264,0.01,11.750123023986816,0.025258729234337807,-0.022383556701242924,0.63800048828125,-1.6105114072561264
2128,1.921875,2.410767674446106,0.01,2.4386768341064453,0.09745585452765226,-0.02717672847211361,1.00634765625,2.410767674446106
2136,3.239501953125,5.048475086688995,0.015,2.2162363529205322,0.13733897171914577,-0.0007312260568141937,0.8770751953125,5.048475086688995
2144,4.001953125,4.2266839146614075,0.0225,2.1853156089782715,0.16913506016135216,6.767734885215759e-05,1.056884765625,4.2266839146614075
2152,3.26904296875,4.426423192024231,0.03375,2.1896073818206787,0.2103732768446207,-0.0005303025245666504,1.11407470703125,4.426423192024231
2160,3.4990234375,5.271032243967056,0.050625,2.194920301437378,0.2662128936499357,0.0003715162165462971,0.87908935546875,5.271032243967056
2168,3.3896484375,4.7038059532642365,0.0759375,2.2256977558135986,0.29691173415631056,-0.0014067534357309341,0.60186767578125,4.7038059532642365
2176,3.1708984375,5.032349228858948,0.11390625000000001,2.176689624786377,0.4885137267410755,-0.006423270329833031,1.12841796875,5.032349228858948
2184,3.05859375,1.9719919562339783,0.11390625000000001,2.871983289718628,0.27246204391121864,-0.032131459563970566,0.8001708984375,1.9719919562339783
2192,3.33306884765625,4.6126748919487,0.17085937500000004,2.1540584564208984,0.5855160504579544,-0.028934339061379433,0.8892974853515625,4.6126748919487
2200,3.57373046875,3.5971078276634216,0.17085937500000004,2.5713915824890137,0.6804435951635242,-0.02622755989432335,0.919677734375,3.5971078276634216
2208,2.66357421875,2.1418670415878296,0.17085937500000004,2.3216137886047363,0.42170169577002525,-0.013199415989220142,0.68878173828125,2.1418670415878296
2216,0.5126953125,-2.654259979724884,0.11390625000000003,4.846856355667114,-0.41545279137790203,-0.06890407390892506,1.06817626953125,-2.654259979724884
2224,0.9853515625,-1.8655570149421692,0.07593750000000002,5.920202970504761,-0.158182293176651,-0.06433794368058443,1.1861724853515625,-1.8655570149421692
2232,0.439453125,-2.6626746207475662,0.05062500000000001,10.33393144607544,-0.15945089235901833,-0.03946840018033981,0.822265625,-2.6626746207475662
2240,1.2392578125,0.26835934817790985,0.03375000000000001,7.067275285720825,0.08346866816282272,-0.02343977615237236,0.9339599609375,0.26835934817790985
2248,1.9345703125,0.07402369379997253,0.022500000000000006,6.780663013458252,0.05365404300391674,-0.032356563955545425,0.83563232421875,0.07402369379997253
2256,2.8388671875,1.052310049533844,0.022500000000000006,7.086308240890503,0.0442074304446578,-0.04698158614337444,0.6742973327636719,1.052310049533844
2264,1.15234375,-2.7853902876377106,0.015000000000000005,11.773132085800171,-0.05018455535173416,-0.07124015688896179,0.8367156982421875,-2.7853902876377106
2272,1.9609375,-2.4546626806259155,0.010000000000000004,11.563605308532715,-0.026561172679066658,-0.07850543782114983,0.887115478515625,-2.4546626806259155
2280,3.396484375,1.6369735300540924,0.010000000000000004,3.1921935081481934,0.06897514034062624,-0.037982210516929626,0.9066162109375,1.6369735300540924
2288,4.2890625,4.048051580786705,0.015000000000000006,2.1740615367889404,0.09749596565961838,-0.04119011387228966,0.982177734375,4.048051580786705
2296,1.1162109375,1.51370070874691,0.015000000000000006,6.979184150695801,0.08590426668524742,-0.03438883274793625,0.975860595703125,1.51370070874691
2304,0.825439453125,-3.6912972927093506,0.010000000000000004,11.944296836853027,0.06888478994369507,-0.03223988972604275,1.56396484375,-3.6912972927093506
2312,1.2177734375,-6.170488804578781,0.01,16.277791023254395,-0.028289372567087412,-0.08367470093071461,1.1712646484375,-6.170488804578781
2320,-1.16259765625,-5.662495344877243,0.01,20.739378690719604,0.03517677262425423,-0.023707296699285507,1.15576171875,-5.662495344877243
2328,-0.98486328125,-5.417862504720688,0.01,20.493276357650757,-0.07268103212118149,-0.09739034436643124,0.7880859375,-5.417862504720688
2336,4.13232421875,-3.4497821927070618,0.01,16.18086290359497,0.10658029839396477,0.08380426093935966,0.5723876953125,-3.4497821927070618
2344,-0.54534912109375,-5.327195882797241,0.01,21.118229866027832,0.17500903410837054,0.12951084738597274,0.9862060546875,-5.327195882797241
2352,-0.59375,-2.8001357913017273,0.01,15.918763875961304,-0.035123714711517096,-0.08811600506305695,0.8104248046875,-2.8001357913017273
2360,3.43701171875,2.555037498474121,0.01,7.055840730667114,0.1143371844664216,-0.0011790171265602112,0.899658203125,2.555037498474121
2368,1.83905029296875,-2.6886594146490097,0.01,13.138915300369263,-0.021074101328849792,-0.07355228438973427,0.7945556640625,-2.6886594146490097
2376,2.4224853515625,-1.0213326811790466,0.01,8.367906093597412,0.014145360793918371,-0.060014791786670685,0.843841552734375,-1.0213326811790466
2384,3.69140625,1.4889288991689682,0.01,7.085342168807983,0.08474530652165413,-0.033407121896743774,1.0325088500976562,1.4889288991689682
2392,2.52978515625,1.8636862337589264,0.01,6.303895473480225,0.08467040304094553,-0.014929592609405518,0.810546875,1.8636862337589264
2400,0.9365234375,-0.6735067963600159,0.01,4.209120988845825,0.0895688645541668,-0.013238903135061264,1.0947265625,-0.6735067963600159
2408,3.6845703125,-1.3287579715251923,0.01,7.560055494308472,0.06759424693882465,-0.039386821910738945,1.2024726867675781,-1.3287579715251923
2416,3.2978515625,1.1151866614818573,0.01,7.065057039260864,0.05910052265971899,-0.04748742654919624,0.9554443359375,1.1151866614818573
2424,2.716064453125,5.006234169006348,0.015,2.1801133155822754,0.1364226401783526,-0.0015989881940186024,0.88037109375,5.006234169006348
2432,3.0615234375,3.480908066034317,0.015,2.1690914630889893,0.14660653844475746,0.012521874159574509,0.8173828125,3.480908066034317
2440,3.17578125,-3.18165522813797,0.01,10.075587272644043,-0.014054905623197556,-0.04305127635598183,0.76739501953125,-3.18165522813797
2448,3.83349609375,4.070835620164871,0.015,2.189626932144165,0.16883870167657733,-0.002805333584547043,1.309814453125,4.070835620164871
2456,3.677734375,0.7775904536247253,0.01,6.899518728256226,0.08402740396559238,-0.028756452724337578,1.01171875,0.7775904536247253
2464,2.326904296875,-3.326867453753948,0.01,11.1735520362854,0.005821485072374344,-0.04579449072480202,0.8489990234375,-3.326867453753948
2472,3.3525390625,4.321420103311539,0.015,2.237306594848633,0.11857504677027464,-0.01328890211880207,0.8864288330078125,4.321420103311539
2480,4.15234375,4.750705778598785,0.0225,2.261251926422119,0.1610671654343605,-0.025793999433517456,1.15667724609375,4.750705778598785
2488,3.4658203125,5.833780646324158,0.03375,2.1843204498291016,0.2443793499842286,-0.0023439712822437286,1.15625,5.833780646324158
2496,3.837890625,5.358739018440247,0.050625,2.166449785232544,0.23224576003849506,-0.027812431566417217,0.7921142578125,5.358739018440247
2504,1.70947265625,-0.12674200534820557,0.03375,11.49571967124939,0.015814395621418953,-0.04866162687540054,0.70904541015625,-0.12674200534820557
2512,0.7210693359375,1.6950561553239822,0.03375,11.013636827468872,0.11044448427855968,-0.048749592155218124,1.0208282470703125,1.6950561553239822
2520,0.72119140625,-1.1678834557533264,0.022500000000000003,16.172192811965942,-0.021688518580049276,-0.06418256787583232,0.8198336958885193,-1.1678834557533264
2528,3.30859375,1.6267420947551727,0.022500000000000003,6.974478483200073,0.0997365154325962,-0.01820979081094265,0.81475830078125,1.6267420947551727
2536,4.4443359375,4.688039124011993,0.03375,2.2024598121643066,0.14569245651364326,-0.024775605648756027,0.6495361328125,4.688039124011993
2544,1.72100830078125,4.372703194618225,0.050625,2.3085758686065674,0.19393383152782917,-0.050988346338272095,0.9736328125,4.372703194618225
2552,2.751953125,4.895613849163055,0.0759375,2.1804511547088623,0.3212905526161194,-0.01505088061094284,0.884033203125,4.895613849163055
2560,3.6767578125,4.534409701824188,0.11390625000000001,2.168717622756958,0.42614627443253994,-0.006522417068481445,0.88372802734375,4.534409701824188
2568,3.1357421875,-2.626036748290062,0.0759375,8.708162546157837,-0.22938136383891106,-0.017058974131941795,0.868408203125,-2.626036748290062
2576,0.18243408203125,-1.7699069678783417,0.050625,20.687260627746582,-0.08664368279278278,-0.024575653485953808,0.722900390625,-1.7699069678783417
2584,0.83544921875,0.7779301106929779,0.03375,20.537147760391235,0.142419146373868,-0.02957007847726345,1.324462890625,0.7779301106929779
2592,0.171142578125,0.6506420969963074,0.022500000000000003,20.56796169281006,0.13126086769625545,0.00871574878692627,1.006103515625,0.6506420969963074
2600,0.24951171875,0.47947409749031067,0.015000000000000001,20.693018198013306,0.0929547940613702,-0.008775741793215275,0.90948486328125,0.47947409749031067
2608,0.125,0.8527714014053345,0.01,20.62049913406372,0.06451028026640415,0.003096573054790497,0.4864501953125,0.8527714014053345
2616,0.777587890625,0.9346230328083038,0.01,20.73992109298706,0.08906270156148821,-0.019337864592671394,0.988555908203125,0.9346230328083038
2624,1.985321044921875,1.847699135541916,0.01,20.460782289505005,0.13530395389534533,0.020204497734084725,0.966217041015625,1.847699135541916
2632,2.405517578125,1.5652204751968384,0.01,20.939400672912598,0.0755082257091999,-0.016209043562412262,0.7603759765625,1.5652204751968384
2640,1.980712890625,1.9325850903987885,0.01,20.81404399871826,0.13174098916351795,0.02498990297317505,0.87432861328125,1.9325850903987885
2648,4.23291015625,1.0020794868469238,0.01,21.025781393051147,0.10049984604120255,-0.010900340974330902,1.01312255859375,1.0020794868469238
2656,2.6448974609375,0.8244117200374603,0.01,21.115999698638916,0.09378364868462086,-0.006760882213711739,0.9222412109375,0.8244117200374603
2664,5.35546875,0.5985227823257446,0.01,21.051498413085938,0.09214798780158162,-0.0045812614262104034,0.90625,0.5985227823257446
2672,4.33203125,0.7305862903594971,0.01,20.940521717071533,0.09679585322737694,0.004208618775010109,0.8521728515625,0.7305862903594971
2680,4.29833984375,0.5985860824584961,0.01,20.75973343849182,0.08912242017686367,-0.013741495087742805,0.96826171875,0.5985860824584961
2688,5.2685546875,1.2332395315170288,0.01,20.919681549072266,0.09174057911150157,-0.014212105423212051,0.93792724609375,1.2332395315170288
2696,4.701171875,1.015420913696289,0.01,20.86359405517578,0.05959021579474211,-0.02196750044822693,0.71356201171875,1.015420913696289
2704,3.505859375,1.7159146070480347,0.01,20.56270956993103,0.08968671318143606,-0.03062184527516365,1.031005859375,1.7159146070480347
2712,4.022216796875,0.9627066850662231,0.01,20.68169355392456,0.08128167781978846,-0.026982019655406475,0.986480712890625,0.9627066850662231
2720,2.071044921875,1.604621410369873,0.01,21.037291049957275,0.15528544411063194,0.05228320136666298,0.87005615234375,1.604621410369873
2728,4.6015625,1.2825154066085815,0.01,20.84228754043579,0.03287035983521491,-0.041062427684664726,0.61175537109375,1.2825154066085815
2736,2.215576171875,-0.3712475299835205,0.01,20.91074228286743,0.0877167455619201,-0.007394324988126755,0.98883056640625,-0.3712475299835205
2744,2.27099609375,-0.4553729295730591,0.01,20.98314380645752,0.06477453745901585,-0.01596836745738983,0.853271484375,-0.4553729295730591
2752,6.74609375,0.4908514618873596,0.01,20.993693113327026,0.058084129355847836,-0.03904850780963898,0.923583984375,0.4908514618873596
2760,6.27734375,-0.14896494150161743,0.01,21.290672779083252,0.06909361714497209,-0.02048119530081749,0.91015625,-0.14896494150161743
2768,6.56689453125,-0.12480604648590088,0.01,20.935539722442627,0.020172927528619766,-0.0585884777829051,0.8004150390625,-0.12480604648590088
2776,7.3984375,-0.7764015197753906,0.01,20.742669105529785,0.0817765686661005,-0.002775091677904129,0.92333984375,-0.7764015197753906
2784,6.5390625,-0.8042984008789062,0.01,20.89218544960022,0.0883347347844392,-0.0036589025985449553,1.0006103515625,-0.8042984008789062
2792,7.15625,-0.7762603759765625,0.01,20.78571844100952,0.09423118829727173,0.005390401929616928,0.96728515625,-0.7762603759765625
2800,6.9609375,-0.6176211833953857,0.01,20.893311262130737,0.08729062601923943,0.001425817608833313,0.92138671875,-0.6176211833953857
2808,6.849609375,-0.6215171813964844,0.01,21.072038173675537,0.07756625500041991,-0.004811106249690056,0.8861083984375,-0.6215171813964844
2816,10.0625,-0.34470176696777344,0.01,20.264233827590942,0.0890491334721446,0.013882875442504883,0.786865234375,-0.34470176696777344
2824,10.265625,-0.5602378845214844,0.01,21.174097776412964,0.07836161740124226,0.0018183072097599506,0.82061767578125,-0.5602378845214844
2832,11.7734375,-0.5704050064086914,0.01,20.823812007904053,0.08561624772846699,0.007946263998746872,0.8338623046875,-0.5704050064086914
2840,10.37890625,-0.6476278305053711,0.01,21.00143313407898,0.09092287998646498,-0.0023322906345129013,0.99713134765625,-0.6476278305053711
2848,11.1875,-0.4848518371582031,0.01,21.01978635787964,0.08161357045173645,0.00019460730254650116,0.8618011474609375,-0.4848518371582031
2856,10.93359375,-0.4916872978210449,0.01,20.934397220611572,0.09586293809115887,0.01078348234295845,0.9013671875,-0.4916872978210449
2864,11.2890625,-0.4924125671386719,0.01,20.857682943344116,0.08854696806520224,0.004507112316787243,0.8906631469726562,-0.4924125671386719
2872,11.1484375,-0.5680766105651855,0.01,20.901355743408203,0.11547636706382036,0.02464529126882553,0.9654541015625,-0.5680766105651855
2880,9.46875,-0.6528663635253906,0.01,21.163142204284668,0.061494145542383194,-0.008484762161970139,0.764404296875,-0.6528663635253906
2888,10.125,-0.6885299682617188,0.01,20.984950304031372,0.08734958432614803,0.0017971303313970566,0.924041748046875,-0.6885299682617188
2896,8.86328125,-0.5784168243408203,0.01,21.087072134017944,0.06143230013549328,-0.009754583239555359,0.76953125,-0.5784168243408203
2904,9.81640625,-0.28095054626464844,0.01,21.216104984283447,0.08527602721005678,0.0022395774722099304,0.859130859375,-0.28095054626464844
2912,10.21875,-0.5189876556396484,0.01,20.99700951576233,0.09135252609848976,0.0004730634391307831,0.96044921875,-0.5189876556396484
2920,10.828125,-0.2766590118408203,0.01,20.761115312576294,0.10995822213590145,0.024467387702316046,0.8834898471832275,-0.2766590118408203
2928,11.4296875,-0.5002689361572266,0.01,21.050432205200195,0.0982013987377286,0.0215237932279706,0.81689453125,-0.5002689361572266
2936,11.9921875,-0.12408828735351562,0.01,21.300740718841553,0.07847112603485584,-0.003509433940052986,0.833251953125,-0.12408828735351562
2944,10.4375,-0.08722686767578125,0.01,21.038094997406006,0.09172855876386166,0.0001306496560573578,0.92425537109375,-0.08722686767578125
2952,9.89453125,-0.15126705169677734,0.01,21.016105890274048,0.09251486789435148,-0.0010042078793048859,0.950439453125,-0.15126705169677734
2960,9.26171875,-0.24625873565673828,0.01,20.94503164291382,0.0834459699690342,0.005448959767818451,0.804443359375,-0.24625873565673828
2968,9.89453125,-0.13657283782958984,0.01,21.151209831237793,0.11837781267240644,0.016761967912316322,1.02960205078125,-0.13657283782958984
2976,9.1484375,-0.14333629608154297,0.01,21.046961307525635,0.0856670904904604,-0.004635377787053585,0.91790771484375,-0.14333629608154297
2984,10.69140625,0.048854827880859375,0.01,20.80853295326233,0.08400685340166092,-0.004364697262644768,0.8792724609375,0.048854827880859375
2992,11.8125,0.1529693603515625,0.01,21.117347717285156,0.08932429924607277,-0.0033013159409165382,0.9094772338867188,0.1529693603515625
3000,11.328125,0.029188156127929688,0.01,21.15254521369934,0.08979541156440973,0.0007088109850883484,0.8880615234375,0.029188156127929688
3008,10.5,0.050357818603515625,0.01,21.344892978668213,0.10712209343910217,0.01574479229748249,0.90826416015625,0.050357818603515625
3016,8.796875,0.2575864791870117,0.01,20.565269947052002,0.1039443714544177,0.011448457837104797,0.89984130859375,0.2575864791870117
3024,8.82421875,0.05574607849121094,0.01,21.037028789520264,0.09388760477304459,-0.0037462804466485977,0.97015380859375,0.05574607849121094
3032,9.4375,0.3024415969848633,0.01,20.97052812576294,0.08207650575786829,-0.010379679501056671,0.89453125,0.3024415969848633
3040,7.66015625,0.11615276336669922,0.01,21.100382804870605,0.0830550566315651,-0.006962217390537262,0.889312744140625,0.11615276336669922
3048,9.2578125,0.37302494049072266,0.01,21.15764808654785,0.09366732518537901,-0.0010472722351551056,0.90863037109375,0.37302494049072266
3056,8.51171875,0.3651695251464844,0.01,20.921047687530518,0.10665402933955193,0.005239274352788925,0.97711181640625,0.3651695251464844
3064,9.046875,0.4401111602783203,0.01,21.20800280570984,0.10336302500218153,0.005669679492712021,0.93212890625,0.4401111602783203
3072,9.3359375,0.5405359268188477,0.01,20.868794918060303,0.09159283270128071,0.00012790784239768982,0.8603515625,0.5405359268188477
3080,10.328125,0.6860504150390625,0.01,20.999759197235107,0.09376666002208367,0.005559528945013881,0.8130960464477539,0.6860504150390625
3088,9.4609375,0.7150144577026367,0.01,20.97313117980957,0.0898868478834629,-0.00039317458868026733,0.831787109375,0.7150144577026367
3096,9.52734375,0.7203473746776581,0.01,20.637569904327393,0.10690762102603912,0.004615183919668198,0.94970703125,0.7203473746776581
3104,8.79296875,0.7591361999511719,0.01,21.162977695465088,0.09047906659543514,-0.006040509790182114,0.88970947265625,0.7591361999511719
3112,10.36328125,0.8491172790527344,0.01,21.114457845687866,0.11188903672154993,0.011093629524111748,0.9237060546875,0.8491172790527344
3120,9.625,0.7359657287597656,0.01,21.248781204223633,0.0919796316884458,-0.004689715802669525,0.8944091796875,0.7359657287597656
3128,10.6015625,0.9830236434936523,0.01,21.27266263961792,0.1048651123419404,0.0023033972829580307,0.92694091796875,0.9830236434936523
3136,11.2265625,0.937713623046875,0.01,21.002201795578003,0.08740905113518238,-0.0030838213860988617,0.811279296875,0.937713623046875
3144,10.9453125,1.0109519958496094,0.01,21.125044107437134,0.10009179962798953,-0.0020196265541017056,0.9203872680664062,1.0109519958496094
3152,10.17578125,1.0771350860595703,0.01,20.786824464797974,0.09995176550000906,-0.0022807717323303223,0.91455078125,1.0771350860595703
3160,11.0078125,1.218994140625,0.01,20.812045097351074,0.10653271246701479,0.0023456201888620853,0.920867919921875,1.218994140625
3168,11.4296875,1.1862258911132812,0.01,20.655104398727417,0.09770405571907759,-0.00024829618632793427,0.8612060546875,1.1862258911132812
3176,11.0,1.4113082885742188,0.01,20.353715419769287,0.10999614000320435,0.0050474852323532104,0.9088134765625,1.4113082885742188
3184,11.296875,1.3649463653564453,0.01,20.742445707321167,0.10530218714848161,-0.003692299360409379,0.9539308547973633,1.3649463653564453
3192,11.1796875,1.4557609558105469,0.01,20.738001108169556,0.10263442154973745,0.0037796320393681526,0.84246826171875,1.4557609558105469
3200,11.6328125,1.4917182922363281,0.01,20.864567279815674,0.09834746806882322,-0.00632191076874733,0.897216796875,1.4917182922363281
3208,11.78125,1.4980831146240234,0.01,20.68129563331604,0.11947141587734222,0.004286114126443863,1.0018310546875,1.4980831146240234
3216,10.8515625,1.4567060470581055,0.01,20.91534185409546,0.10585663095116615,0.0044670552015304565,0.8671875,1.4567060470581055
3224,10.859375,1.3890571594238281,0.01,20.690460205078125,0.10110554564744234,0.0032470542937517166,0.8391447067260742,1.3890571594238281
3232,11.6640625,1.4799079895019531,0.01,21.077072858810425,0.10401867516338825,0.0012526735663414001,0.8800048828125,1.4799079895019531
3240,12.0859375,1.3737735748291016,0.01,21.00364327430725,0.09996508434414864,-0.0009499266743659973,0.87103271484375,1.3737735748291016
3248,12.1875,1.407135009765625,0.01,21.0415461063385,0.0999874398112297,0.0005889423191547394,0.8544921875,1.407135009765625
3256,10.953125,1.3760013580322266,0.01,21.148315906524658,0.11239241436123848,0.004737444221973419,0.93963623046875,1.3760013580322266
3264,11.9140625,1.4448089599609375,0.01,20.74475359916687,0.1062788125127554,0.004809852689504623,0.869873046875,1.4448089599609375
3272,11.3359375,1.2596893310546875,0.01,21.14585041999817,0.10877352952957153,0.001095309853553772,0.9508056640625,1.2596893310546875
3280,12.078125,1.3690261840820312,0.01,20.962740659713745,0.1020125625655055,-0.0009873993694782257,0.893310546875,1.3690261840820312
3288,10.9453125,1.38262939453125,0.01,21.14194130897522,0.10104246332775801,-0.0007621906697750092,0.8792953491210938,1.38262939453125
3296,10.8828125,1.4531059265136719,0.01,21.248483657836914,0.1066966864746064,0.003878273069858551,0.884033203125,1.4531059265136719
3304,11.48046875,1.436708688735962,0.01,21.18846845626831,0.10289006680250168,0.0009680446237325668,0.8763427734375,1.436708688735962
3312,11.5859375,1.2791004180908203,0.01,21.231178760528564,0.10791301634162664,0.0013863136991858482,0.9365615844726562,1.2791004180908203
3320,11.3359375,1.4581642150878906,0.01,20.8048734664917,0.10268490016460419,0.0007567023858428001,0.8714065551757812,1.4581642150878906
3328,10.7265625,1.3256731033325195,0.01,20.995805740356445,0.10526426881551743,0.0005463659763336182,0.91473388671875,1.3256731033325195
3336,11.171875,1.4655418395996094,0.01,20.907111406326294,0.10305313719436526,0.0010258909314870834,0.8741455078125,1.4655418395996094
3344,10.859375,1.4359617233276367,0.01,20.897377014160156,0.09998330799862742,-0.0002756640315055847,0.859375,1.4359617233276367
3352,10.17578125,1.4037952423095703,0.01,20.75224781036377,0.1042790156789124,-0.001601584255695343,0.9197998046875,1.4037952423095703
3360,10.875,1.3292160034179688,0.01,20.74540376663208,0.10621016100049019,0.0012966059148311615,0.9169921875,1.3292160034179688
3368,10.84375,1.6546058654785156,0.01,20.729971885681152,0.10650489083491266,0.0007278178818523884,0.8934402465820312,1.6546058654785156
3376,10.34375,1.4502849578857422,0.01,20.42995572090149,0.10543569643050432,-0.004007332026958466,0.949951171875,1.4502849578857422
3384,10.1015625,1.4138193130493164,0.01,20.752824306488037,0.10970270668622106,0.00368371419608593,0.91943359375,1.4138193130493164
3392,9.9609375,1.3880281448364258,0.01,20.47524857521057,0.10504837846383452,0.0012099184095859528,0.90045166015625,1.3880281448364258
3400,10.50390625,1.430704116821289,0.01,20.78346037864685,0.1023603044450283,0.0011620931327342987,0.86859130859375,1.430704116821289
3408,9.78515625,1.3681344985961914,0.01,20.85950803756714,0.10526327695697546,0.0016923993825912476,0.9000244140625,1.3681344985961914
3416,10.9453125,1.4133591651916504,0.01,21.379977464675903,0.09958160854876041,-0.001496579498052597,0.8699951171875,1.4133591651916504
3424,9.515625,1.3255701065063477,0.01,21.02807354927063,0.09596322849392891,-0.0008038319647312164,0.83447265625,1.3255701065063477
3432,11.46875,1.4718542098999023,0.01,21.00307536125183,0.10576719231903553,9.10051167011261e-05,0.909912109375,1.4718542098999023
3440,9.74609375,1.4645233154296875,0.01,20.83838438987732,0.10755168390460312,0.0005297297611832619,0.92303466796875,1.4645233154296875
3448,10.6953125,1.367487907409668,0.01,20.914342403411865,0.10569993406534195,0.0004417933523654938,0.916259765625,1.367487907409668
3456,10.22265625,1.2124838829040527,0.01,20.809478282928467,0.11332812265027314,0.001382187008857727,0.9991302490234375,1.2124838829040527
3464,9.7734375,1.3276348114013672,0.01,21.206772565841675,0.09895239258185029,-0.0006276555359363556,0.864013671875,1.3276348114013672
3472,10.609375,1.3519659042358398,0.01,20.916788339614868,0.0938582718372345,-0.0005100928246974945,0.80926513671875,1.3519659042358398
3480,9.984375,1.3808975219726562,0.01,21.02776288986206,0.0961492545902729,-0.0005759820342063904,0.82958984375,1.3808975219726562
3488,10.671875,1.4259333610534668,0.01,21.387046337127686,0.09781847870908678,-0.0019892603158950806,0.856689453125,1.4259333610534668
3496,9.92578125,1.4181318283081055,0.01,21.144150018692017,0.11482425965368748,0.002189421094954014,0.98431396484375,1.4181318283081055
3504,8.54296875,1.4366788864135742,0.01,20.863613605499268,0.10982023424003273,0.0013276964891701937,0.941436767578125,1.4366788864135742
3512,9.4453125,1.449392318725586,0.01,21.16610550880432,0.09824107238091528,-0.002535581588745117,0.862640380859375,1.449392318725586
3520,10.01171875,1.4005179405212402,0.01,21.029765367507935,0.10908150486648083,0.0017077960073947906,0.933837890625,1.4005179405212402
3528,10.453125,1.514357566833496,0.01,21.24473810195923,0.10693478304892778,0.0017095152288675308,0.9001140594482422,1.514357566833496
3536,10.8203125,1.522451400756836,0.01,21.202789068222046,0.10087722260504961,-0.0014292020350694656,0.87060546875,1.522451400756836
3544,11.0078125,1.4916820526123047,0.01,21.034791946411133,0.10458150133490562,0.003372419625520706,0.8621826171875,1.4916820526123047
3552,10.3984375,1.3631668090820312,0.01,20.985647201538086,0.102072823792696,0.0007489006966352463,0.8780517578125,1.3631668090820312
3560,11.1484375,1.5161676406860352,0.01,21.161829233169556,0.1034393422305584,-0.0008756173774600029,0.8919677734375,1.5161676406860352
3568,10.59765625,1.5672903060913086,0.01,20.830185174942017,0.10005596466362476,-0.0007838774472475052,0.85076904296875,1.5672903060913086
3576,11.2734375,1.5021443367004395,0.01,20.953531742095947,0.10436994396150112,-0.002341560088098049,0.9169921875,1.5021443367004395
3584,10.8828125,1.3447847366333008,0.01,21.117981910705566,0.10403727227821946,2.7556903660297394e-05,0.9051589965820312,1.3447847366333008
3592,11.2578125,1.5350160598754883,0.01,20.902590036392212,0.10541828535497189,-0.00029442086815834045,0.9039306640625,1.5350160598754883
3600,10.828125,1.5155506134033203,0.01,21.069108724594116,0.10169167164713144,-0.001781713217496872,0.8828125,1.5155506134033203
3608,10.78125,1.5305347442626953,0.01,21.103435039520264,0.10232979292050004,0.000591028481721878,0.8642578125,1.5305347442626953
3616,10.6015625,1.4508867263793945,0.01,21.272910356521606,0.10678347572684288,-0.00037676095962524414,0.9267578125,1.4508867263793945
3624,11.0546875,1.4346575736999512,0.01,21.08356261253357,0.10670830495655537,0.00018337741494178772,0.922119140625,1.4346575736999512
3632,9.6484375,1.4941456317901611,0.01,21.19889998435974,0.10466162138618529,-0.0007458566688001156,0.9041671752929688,1.4941456317901611
3640,11.25,1.4876127243041992,0.01,21.302058696746826,0.10384784266352654,-0.00046957843005657196,0.894317626953125,1.4876127243041992
3648,9.9765625,1.4212055206298828,0.01,21.121901750564575,0.10305030271410942,-0.0005935244262218475,0.894775390625,1.4212055206298828
3656,11.2578125,1.5368432998657227,0.01,21.17496347427368,0.10710309538990259,0.0012367013841867447,0.904510498046875,1.5368432998657227
3664,10.46875,1.4979848861694336,0.01,21.340614795684814,0.0982297332957387,-0.00038353726267814636,0.83544921875,1.4979848861694336
3672,9.9375,1.5320696830749512,0.01,21.094559907913208,0.09800401795655489,-0.001240026205778122,0.839111328125,1.5320696830749512
3680,10.1640625,1.352193832397461,0.01,20.835248708724976,0.10106932185590267,-0.00054161436855793,0.881103515625,1.352193832397461
3688,10.75,1.5018491744995117,0.01,21.1690731048584,0.10569720901548862,-0.0018505752086639404,0.9248046875,1.5018491744995117
3696,10.33984375,1.4738187789916992,0.01,20.77958917617798,0.10037481342442334,0.002201572060585022,0.83447265625,1.4738187789916992
3704,10.921875,1.5185279846191406,0.01,20.675287008285522,0.09299513697624207,0.002202555537223816,0.755859375,1.5185279846191406
3712,10.48046875,1.4973516464233398,0.01,21.10476803779602,0.11035664845257998,0.00116010382771492,0.94287109375,1.4973516464233398
3720,9.99609375,1.4550628662109375,0.01,21.035433530807495,0.10633900423999876,0.00041874684393405914,0.914398193359375,1.4550628662109375
3728,9.33203125,1.394805908203125,0.01,21.079333066940308,0.10134602477774024,-0.0018125437200069427,0.891845703125,1.394805908203125
3736,10.609375,1.3788166046142578,0.01,20.986059427261353,0.09507921803742647,-0.0005036722868680954,0.81817626953125,1.3788166046142578
3744,9.46875,1.3172659873962402,0.01,21.2324481010437,0.1088741198182106,0.0008642710745334625,0.9478759765625,1.3172659873962402
3752,9.64453125,1.5991101264953613,0.01,21.106762886047363,0.11811157315969467,0.00019175931811332703,1.02001953125,1.5991101264953613
3760,9.20703125,1.275822639465332,0.01,21.348096132278442,0.09837550856173038,-0.0034024976193904877,0.890380859375,1.275822639465332
3768,9.72265625,1.3136920928955078,0.01,21.21508479118347,0.10723975417204201,-0.000608472153544426,0.947509765625,1.3136920928955078
3776,10.203125,1.4280681610107422,0.01,21.15927791595459,0.10117205930873752,-0.0007093343883752823,0.875732421875,1.4280681610107422
3784,8.984375,1.4787492752075195,0.01,21.145693063735962,0.10070031695067883,-0.0004214104264974594,0.8636474609375,1.4787492752075195
3792,10.234375,1.6589374542236328,0.01,21.0565984249115,0.1084257336333394,-0.0014291740953922272,0.933929443359375,1.6589374542236328
3800,10.734375,1.5414032936096191,0.01,21.148120641708374,0.11263459548354149,0.0010711224749684334,0.96240234375,1.5414032936096191
3808,9.75,1.3371679782867432,0.01,21.296422719955444,0.09420009516179562,-0.002667684108018875,0.836181640625,1.3371679782867432
3816,11.1171875,1.4134435653686523,0.01,21.134023904800415,0.10103783616796136,-0.001048259437084198,0.8802490234375,1.4134435653686523
3824,10.8125,1.5696086883544922,0.01,20.802936792373657,0.10980360396206379,0.0012959334999322891,0.925750732421875,1.5696086883544922
3832,9.95703125,1.4570140838623047,0.01,21.301887273788452,0.1123025119304657,0.0014036446809768677,0.9632568359375,1.4570140838623047
3840,10.52734375,1.5432095527648926,0.01,20.970279455184937,0.10941077768802643,-0.0008699558675289154,0.947998046875,1.5432095527648926
3848,11.078125,1.554399013519287,0.01,21.196149587631226,0.10305724665522575,-0.000987716019153595,0.884765625,1.554399013519287
3856,11.296875,1.5663957595825195,0.01,20.985679864883423,0.10696311434730887,-0.0011538490653038025,0.92529296875,1.5663957595825195
3864,10.359375,1.4678287506103516,0.01,20.6157705783844,0.10613118670880795,0.0027688145637512207,0.888427734375,1.4678287506103516
3872,11.2109375,1.5629615783691406,0.01,20.762361764907837,0.10167534556239843,-0.0009141117334365845,0.8699951171875,1.5629615783691406
3880,10.44921875,1.4875602722167969,0.01,20.940560340881348,0.10341896489262581,0.00014728307723999023,0.8837127685546875,1.4875602722167969
3888,10.21875,1.5807380676269531,0.01,20.867884874343872,0.10967044159770012,-0.000756687019020319,0.946533203125,1.5807380676269531
3896,11.328125,1.4779605865478516,0.01,20.714526176452637,0.10029918793588877,0.0011079572141170502,0.8441162109375,1.4779605865478516
3904,10.8984375,1.573531150817871,0.01,21.06436848640442,0.10374593921005726,0.0004862062633037567,0.875,1.573531150817871
3912,9.609375,1.4861679077148438,0.01,20.321547746658325,0.09740894450806081,0.0006476249545812607,0.81866455078125,1.4861679077148438
3920,10.3671875,1.6155061721801758,0.01,20.86210298538208,0.10360642895102501,0.0008424855768680573,0.86572265625,1.6155061721801758
3928,10.640625,1.472564697265625,0.01,21.00566029548645,0.09622941073030233,1.4202669262886047e-05,0.8154296875,1.472564697265625
3936,9.62890625,1.5097246170043945,0.01,21.346149444580078,0.10287891887128353,-0.0033895932137966156,0.9130859375,1.5097246170043945
3944,10.390625,1.4432353973388672,0.01,21.173433542251587,0.09719440573826432,-0.0015122443437576294,0.84326171875,1.4432353973388672
3952,11.0078125,1.7473526000976562,0.01,21.0669264793396,0.10164533648639917,-0.0032305335626006126,0.8726806640625,1.7473526000976562
3960,11.125,1.5886764526367188,0.01,20.948166847229004,0.10444991663098335,0.0004588952288031578,0.88165283203125,1.5886764526367188
3968,11.703125,1.6097183227539062,0.01,20.992403745651245,0.09649824537336826,-0.0004829149693250656,0.809844970703125,1.6097183227539062
3976,12.3515625,1.742753505706787,0.01,21.0676908493042,0.1071973079815507,-0.002095760777592659,0.91796875,1.742753505706787
3984,12.4765625,1.691969871520996,0.01,21.091054677963257,0.11099195992574096,0.0018977262079715729,0.921783447265625,1.691969871520996
3992,12.2734375,1.708780288696289,0.01,20.971019506454468,0.10463476646691561,-0.0014117807149887085,0.8896484375,1.708780288696289
4000,12.03125,1.6285104751586914,0.01,21.022039651870728,0.11217012070119381,0.0024268385022878647,0.935302734375,1.6285104751586914
4008,12.1171875,1.7095608711242676,0.01,21.247373342514038,0.11945592612028122,-0.0010942667722702026,1.03466796875,1.7095608711242676
4016,10.95703125,1.8505306243896484,0.01,21.157409191131592,0.10077772662043571,-0.002282732166349888,0.8460235595703125,1.8505306243896484
4024,11.7890625,1.6692066192626953,0.01,21.184513330459595,0.10447505582123995,-0.0032280441373586655,0.9111328125,1.6692066192626953
4032,12.125,1.8311958312988281,0.01,21.18606734275818,0.10323894303292036,-0.001008608378469944,0.8597259521484375,1.8311958312988281
4040,10.9921875,1.7049131393432617,0.01,21.106616735458374,0.1024039089679718,-0.000964190810918808,0.8634033203125,1.7049131393432617
4048,9.90625,1.595932960510254,0.01,21.14377188682556,0.11037351470440626,0.0038990676403045654,0.903076171875,1.595932960510254
4056,10.015625,1.5222110748291016,0.01,21.017473459243774,0.10693448781967163,-0.00023709237575531006,0.91943359375,1.5222110748291016
4064,10.296875,1.6237764358520508,0.01,20.800999641418457,0.10378232225775719,0.0011187735944986343,0.865264892578125,1.6237764358520508
4072,9.24609375,1.618424892425537,0.01,21.21991777420044,0.10403535515069962,-0.0025572124868631363,0.904296875,1.618424892425537
4080,10.78125,1.6629257202148438,0.01,21.452821254730225,0.09828672558069229,-0.004341062158346176,0.861328125,1.6629257202148438
4088,10.6171875,1.7489843368530273,0.01,21.26677441596985,0.113715271349065,0.0009495466947555542,0.95458984375,1.7489843368530273
4096,10.9921875,1.8903112411499023,0.01,21.056415557861328,0.10015412513166666,-0.006639610975980759,0.87939453125,1.8903112411499023
4104,11.34375,1.8933205604553223,0.01,21.145838260650635,0.11499534919857979,-0.00350145623087883,0.995086669921875,1.8933205604553223
4112,11.21875,1.9118576049804688,0.01,20.906991720199585,0.10982019081711769,-0.0024990662932395935,0.93212890625,1.9118576049804688
4120,11.6640625,2.0489139556884766,0.01,21.34338927268982,0.1064054190646857,-0.0012266598641872406,0.87060546875,2.0489139556884766
4128,11.375,2.0272998809814453,0.01,21.1561861038208,0.10857658460736275,0.000290893018245697,0.87890625,2.0272998809814453
4136,10.8125,2.2310914993286133,0.01,20.891568660736084,0.09916619444265962,-0.002581971697509289,0.79443359375,2.2310914993286133
4144,10.8125,2.1555986404418945,0.01,21.101068258285522,0.10841426579281688,-0.0020699482411146164,0.888916015625,2.1555986404418945
4152,10.65625,2.1466293334960938,0.01,21.082632541656494,0.10680995043367147,0.00016718823462724686,0.8517913818359375,2.1466293334960938
4160,11.03125,2.065439224243164,0.01,21.525250911712646,0.1177180465310812,-0.00021112896502017975,0.97235107421875,2.065439224243164
4168,11.15625,2.16121768951416,0.01,21.23040223121643,0.1049936362542212,-0.005851924419403076,0.89306640625,2.16121768951416
4176,11.9140625,2.1635560989379883,0.01,21.04777979850769,0.11911447811871767,-0.0003299042582511902,0.9775390625,2.1635560989379883
4184,11.38671875,2.319051742553711,0.01,21.246509790420532,0.10025979345664382,-0.002543455921113491,0.7967987060546875,2.319051742553711
4192,10.05859375,2.063422203063965,0.01,21.03963875770569,0.11017898796126246,-0.001585962250828743,0.9101486206054688,2.063422203063965
4200,12.28125,2.2895355224609375,0.01,21.025664567947388,0.1037305542267859,-0.0003797132521867752,0.81134033203125,2.2895355224609375
4208,11.59375,2.018482208251953,0.01,20.655654430389404,0.1113550765439868,-0.004147576168179512,0.953033447265625,2.018482208251953
4216,10.4765625,1.8902926445007324,0.01,21.158712148666382,0.1158093549311161,0.001218557357788086,0.95697021484375,1.8902926445007324
4224,12.078125,2.0126819610595703,0.01,20.698959350585938,0.10157946683466434,-0.005308832973241806,0.867431640625,2.0126819610595703
4232,12.7578125,2.197622299194336,0.01,21.042631149291992,0.10730635304935277,0.0032073184847831726,0.8211669921875,2.197622299194336
4240,12.3828125,2.216951370239258,0.01,20.986396551132202,0.10278592258691788,-0.0020480863749980927,0.82574462890625,2.216951370239258
4248,12.5703125,2.043642997741699,0.01,21.21858787536621,0.10905692540109158,-0.0002962872385978699,0.888671875,2.043642997741699
4256,12.484375,2.0916290283203125,0.01,21.258134365081787,0.09772329777479172,-0.0002422519028186798,0.76995849609375,2.0916290283203125
4264,11.6171875,2.144693374633789,0.01,21.05663275718689,0.1026967759244144,-0.0031007491052150726,0.84375,2.144693374633789
4272,11.6171875,2.1312170028686523,0.01,21.127386331558228,0.11039949674159288,-0.0020076408982276917,0.91064453125,2.1312170028686523
4280,12.765625,2.0263614654541016,0.01,20.84937834739685,0.1011630711145699,-0.004404786974191666,0.853973388671875,2.0263614654541016
4288,12.78125,2.191152572631836,0.01,20.910021781921387,0.11397499311715364,0.0009227292612195015,0.91162109375,2.191152572631836
4296,12.3046875,2.0656909942626953,0.01,20.35645580291748,0.09712541103363037,-0.002976391464471817,0.7950439453125,2.0656909942626953
4304,12.1171875,2.031954765319824,0.01,20.811620235443115,0.0963954571634531,-0.0053449831902980804,0.8134765625,2.031954765319824
4312,12.3828125,2.289059638977051,0.01,20.599401235580444,0.1007641302421689,-0.00268523208796978,0.8056640625,2.289059638977051
4320,12.0234375,2.5776233673095703,0.01,20.51546883583069,0.11017738794907928,0.000264190137386322,0.840576171875,2.5776233673095703
4328,11.125,2.3665027618408203,0.01,20.563549041748047,0.12480488698929548,0.003407321870326996,0.976806640625,2.3665027618408203
4336,11.859375,2.3330183029174805,0.01,21.003073930740356,0.11316215060651302,-0.0005763527005910873,0.904052734375,2.3330183029174805
4344,12.265625,2.4884499311447144,0.01,21.33734655380249,0.11008920893073082,-0.00023688189685344696,0.85528564453125,2.4884499311447144
4352,11.4765625,2.40389347076416,0.01,20.79284906387329,0.11964714527130127,0.001369927078485489,0.9422607421875,2.40389347076416
4360,11.8046875,2.323995590209961,0.01,21.005639791488647,0.10419077519327402,-0.009049337357282639,0.899383544921875,2.323995590209961
4368,12.5859375,2.371316909790039,0.01,20.836580753326416,0.1001174938865006,-0.012462863698601723,0.888671875,2.371316909790039
4376,11.3125,2.2169432640075684,0.01,20.7685968875885,0.09993428364396095,0.0011876653879880905,0.7655258178710938,2.2169432640075684
4384,12.390625,2.0948166847229004,0.01,20.886749029159546,0.08589821541681886,-0.006094878539443016,0.71142578125,2.0948166847229004
4392,12.859375,2.1398749351501465,0.01,20.800127267837524,0.10234749712981284,0.0014370940625667572,0.7957916259765625,2.1398749351501465
4400,13.1796875,2.2022104263305664,0.01,20.908069849014282,0.10268650576472282,-0.008065454661846161,0.8873291015625,2.2022104263305664
4408,12.9609375,2.557004928588867,0.01,20.821929216384888,0.11069105099886656,-0.001087338663637638,0.8623504638671875,2.557004928588867
4416,13.6484375,2.4928970336914062,0.01,20.61852526664734,0.0961980540305376,-0.013977967202663422,0.8524093627929688,2.4928970336914062
4424,12.46875,2.355836868286133,0.01,20.87088394165039,0.1019313707947731,-0.013919778168201447,0.923095703125,2.355836868286133
4432,12.875,2.3844447135925293,0.01,21.07699203491211,0.11810049414634705,0.0038877688348293304,0.904266357421875,2.3844447135925293
4440,12.0546875,2.3587138652801514,0.01,21.434378385543823,0.10740462597459555,-0.016409877687692642,1.0020751953125,2.3587138652801514
4448,12.953125,2.786581516265869,0.01,21.036656856536865,0.1317237988114357,0.0008916705846786499,1.029541015625,2.786581516265869
4456,12.8515625,2.7935643196105957,0.01,20.767889499664307,0.10937664145603776,-0.00730031228158623,0.887725830078125,2.7935643196105957
4464,12.828125,2.527505874633789,0.01,20.897140741348267,0.11537753790616989,0.016380288638174534,0.7376031875610352,2.527505874633789
4472,12.65625,2.467576026916504,0.01,20.489606857299805,0.08916090428829193,-0.011396810412406921,0.7586669921875,2.467576026916504
4480,11.2734375,2.3645262718200684,0.01,20.472023487091064,0.09293291391804814,-0.016504894942045212,0.858154296875,2.3645262718200684
4488,10.32421875,2.6378027200698853,0.01,20.88536262512207,0.12457943148910999,0.00921977125108242,0.8897705078125,2.6378027200698853
4496,9.13671875,2.281821846961975,0.01,21.018312692642212,0.10545855131931603,0.001356765627861023,0.81201171875,2.281821846961975
4504,9.24609375,2.448749840259552,0.01,20.616082906723022,0.11782969837076962,0.00655211484991014,0.86785888671875,2.448749840259552
4512,6.1328125,2.447913885116577,0.01,20.535419940948486,0.10151423141360283,-0.0001781955361366272,0.77227783203125,2.447913885116577
4520,9.36328125,2.454365074634552,0.01,20.640941858291626,0.12449141358956695,0.027788937091827393,0.721435546875,2.454365074634552
4528,9.8515625,2.3797223567962646,0.01,20.754844427108765,0.11700593866407871,0.00589793361723423,0.873046875,2.3797223567962646
4536,9.45703125,2.527298927307129,0.01,20.70148468017578,0.09450830146670341,-0.01121283695101738,0.80450439453125,2.527298927307129
4544,10.3671875,2.626469612121582,0.01,20.78215193748474,0.11013037338852882,-0.006481612101197243,0.90277099609375,2.626469612121582
4552,10.4375,2.35274076461792,0.01,20.864922523498535,0.12749525345861912,0.020563308149576187,0.834716796875,2.35274076461792
4560,10.046875,2.260106086730957,0.01,20.48599600791931,0.10943260788917542,-0.012030145153403282,0.98828125,2.260106086730957
4568,9.50390625,2.1565818786621094,0.01,21.196521520614624,0.10287035629153252,-0.011224761605262756,0.9248046875,2.1565818786621094
4576,7.91796875,1.897449254989624,0.01,21.158775806427002,0.09400631580501795,-0.0029405830428004265,0.7802734375,1.897449254989624
4584,6.55859375,1.7577769756317139,0.01,20.894716501235962,0.08636761363595724,-0.019787421450018883,0.88568115234375,1.7577769756317139
4592,7.5625,1.8114920854568481,0.01,20.83934783935547,0.08100150432437658,-0.023157721385359764,0.8600616455078125,1.8114920854568481
4600,7.6953125,1.926410436630249,0.01,20.81146264076233,0.12689969688653946,-0.013030912727117538,1.20703125,1.926410436630249
4608,7.603515625,1.7617578506469727,0.01,20.844528436660767,0.12545605143532157,-0.01814190112054348,1.2607421875,1.7617578506469727
4616,7.01953125,1.7475197315216064,0.01,20.757908582687378,0.14628411922603846,-0.003385588526725769,1.32159423828125,1.7475197315216064
4624,8.13671875,1.7594367861747742,0.01,20.831709623336792,0.08356112241744995,-0.024762004613876343,0.906982421875,1.7594367861747742
4632,8.234375,1.779597520828247,0.01,20.845703125,0.11601157486438751,0.007334243506193161,0.9091796875,1.779597520828247
4640,6.9296875,1.7763261795043945,0.01,20.947924375534058,0.09645116166211665,0.0027115349657833576,0.7583465576171875,1.7763261795043945
4648,7.3125,1.7065858840942383,0.01,21.50851345062256,0.09757735673338175,0.0007232874631881714,0.79901123046875,1.7065858840942383
4656,7.96484375,1.7781767845153809,0.01,21.51675295829773,0.09697544761002064,-0.018409161362797022,0.97607421875,1.7781767845153809
4664,9.5078125,1.702287197113037,0.01,20.959535121917725,0.13069424778223038,0.008217885158956051,1.0538330078125,1.702287197113037
4672,9.9375,1.9733304977416992,0.01,20.311695337295532,0.099335698178038,-0.00679287314414978,0.864013671875,1.9733304977416992
4680,10.19921875,1.9863581657409668,0.01,20.964520692825317,0.12228816421702504,0.012466397136449814,0.8994140625,1.9863581657409668
4688,7.83203125,1.8530011177062988,0.01,20.548354387283325,0.11394037306308746,-0.0012922212481498718,0.96826171875,1.8530011177062988
4696,9.2421875,1.962238073348999,0.01,20.93522071838379,0.11596590653061867,0.0010065957903862,0.953857421875,1.962238073348999
4704,7.203125,1.9973573684692383,0.01,20.790669202804565,0.12417945149354637,0.009192246943712234,0.9510517120361328,1.9973573684692383
4712,8.04296875,1.7886371612548828,0.01,20.67054057121277,0.1080699022859335,-0.005305968225002289,0.954345703125,1.7886371612548828
4720,8.37890625,1.8365254402160645,0.01,20.806018829345703,0.0868200589902699,-0.0031203636899590492,0.71612548828125,1.8365254402160645
4728,7.48046875,1.6476612091064453,0.01,20.868847370147705,0.09896260872483253,-0.006167566403746605,0.88653564453125,1.6476612091064453
4736,7.609375,1.6821777820587158,0.01,21.16006875038147,0.09433316765353084,-0.020877275615930557,0.984619140625,1.6821777820587158
4744,8.96875,1.8972949981689453,0.01,21.171538829803467,0.08874075720086694,-0.02339474018663168,0.9322509765625,1.8972949981689453
4752,8.87109375,1.9289710521697998,0.01,21.01465392112732,0.10103313531726599,-0.009778788313269615,0.9150390625,1.9289710521697998
4760,9.08984375,2.019463539123535,0.01,20.897966623306274,0.08193170744925737,-0.02215573936700821,0.838623046875,2.019463539123535
4768,8.88671875,1.5951237827539444,0.01,21.11413288116455,0.13418677845038474,0.04561541508883238,0.7256214618682861,1.5951237827539444
4776,8.55859375,1.8294401168823242,0.01,20.839879274368286,0.10181502066552639,-0.013662610203027725,0.97210693359375,1.8294401168823242
4784,8.61328125,1.8594632148742676,0.01,20.858940362930298,0.09913361654616892,-0.005448103882372379,0.8607940673828125,1.8594632148742676
4792,7.00390625,1.8890495300292969,0.01,21.216285467147827,0.10142168030142784,-0.012119073420763016,0.94580078125,1.8890495300292969
4800,7.421875,1.9056992530822754,0.01,20.806703567504883,0.09746510908007622,-0.004630213603377342,0.830322265625,1.9056992530822754
4808,7.43359375,1.876960277557373,0.01,21.419692516326904,0.0924585610628128,-0.008494876325130463,0.8218994140625,1.876960277557373
4816,8.92578125,1.9072672128677368,0.01,20.80988383293152,0.10610737651586533,-0.013360491022467613,1.00537109375,1.9072672128677368
4824,7.30078125,1.8079804182052612,0.01,21.042929649353027,0.10332871542777866,0.006015736609697342,0.7914886474609375,1.8079804182052612
4832,9.02734375,1.9545807838439941,0.01,21.183502912521362,0.09109055274166167,-0.01788702793419361,0.894287109375,1.9545807838439941
4840,8.57421875,2.0714219212532043,0.01,20.807142734527588,0.13279008446261287,0.024116570129990578,0.8794403076171875,2.0714219212532043
4848,6.87890625,1.8085877895355225,0.01,20.572529077529907,0.14693170972168446,0.040756840258836746,0.8804931640625,1.8085877895355225
4856,8.45703125,2.349720448255539,0.01,20.659403324127197,0.0795236153062433,-0.04425435699522495,1.0029296875,2.349720448255539
4864,7.73828125,2.273051291704178,0.01,20.5977303981781,0.0651709446683526,-0.030710207298398018,0.7314453125,2.273051291704178
4872,9.01953125,1.0227989554405212,0.01,20.883795022964478,0.2781787442509085,0.17002747766673565,0.9781494140625,1.0227989554405212
4880,9.1796875,2.2491603642702103,0.01,21.327974319458008,0.1616250746883452,0.04114534938707948,0.980255126953125,2.2491603642702103
4888,9.86328125,2.692818135023117,0.01,21.099320888519287,0.12284710956737399,-0.007108406163752079,1.030517578125,2.692818135023117
4896,8.1484375,2.624583601951599,0.01,20.94302487373352,0.11047588451765478,-0.03164518438279629,1.157470703125,2.624583601951599
4904,7.1064453125,2.6168366372585297,0.01,20.592899322509766,0.07443363219499588,-0.01908702403306961,0.67431640625,2.6168366372585297
4912,10.640625,2.8237322568893433,0.01,20.646674394607544,0.12197456322610378,-0.003194216638803482,0.96966552734375,2.8237322568893433
4920,10.5859375,2.9991201758384705,0.01,20.606591939926147,0.1188136306591332,-0.0193051565438509,1.079742431640625,2.9991201758384705
4928,9.599609375,3.0174117982387543,0.01,20.73259663581848,0.09954437240958214,-0.023174302652478218,0.92529296875,3.0174117982387543
4936,10.6796875,2.833329737186432,0.01,20.624702215194702,0.0905954847112298,-0.016473163850605488,0.787353515625,2.833329737186432
4944,10.00390625,2.6781485080718994,0.01,20.693275690078735,0.15195462107658386,0.005252392031252384,1.1996612548828125,2.6781485080718994
4952,10.734375,2.426909416913986,0.01,20.745171546936035,0.12394288647919893,0.03128390107303858,0.684326171875,2.426909416913986
4960,10.86328125,3.180410861968994,0.01,21.049589157104492,0.09348655957728624,-0.01857495680451393,0.803192138671875,3.180410861968994
4968,9.27734375,2.697029322385788,0.01,20.949803829193115,0.08837472973391414,-0.021322998218238354,0.827301025390625,2.697029322385788
4976,10.6875,2.632778525352478,0.01,20.762704372406006,0.12186957523226738,0.01790507882833481,0.777099609375,2.632778525352478
4984,11.1640625,2.69357767701149,0.01,20.714520931243896,0.0849273232743144,-0.028083281591534615,0.860595703125,2.69357767701149
4992,11.4375,2.539193719625473,0.01,20.781250715255737,0.08761764783412218,-0.021606069058179855,0.836669921875,2.539193719625473
5000,10.2890625,2.5565591752529144,0.01,20.135054111480713,0.13176195742562413,0.024760201573371887,0.815704345703125,2.5565591752529144
